feature_1,feature_2,feature_3,feature_4,feature_5,feature_6,feature_7,feature_8,feature_9,feature_10,feature_11,feature_12,feature_13,feature_14,feature_15,feature_16,feature_17,feature_18,feature_19,feature_20,label_value
-0.7394989068977268,-0.3291695889010322,1.2020219830624543,-0.8621020793531403,-0.21988170081912925,0.329115862980969,0.20499593954468617,0.9168307876435178,-0.29670921853613086,0.01564367364582681,0.6744062505910012,-1.04550924367381,1.0101823430697203,-2.1801019007202025,-1.3839488417694343,1.5589395818250773,-1.9303218020979769,0.5556963925039426,0.4196534729850403,-0.5634112711934893,-1.1705466475886472
0.596429406613514,0.577433278109372,-0.23971207454738505,0.5090287593754876,0.47783466672482205,0.6598201824893425,0.22980976680840806,-1.6192839616013754,0.35706581716519165,-0.37328756765529486,0.5397733261038372,0.7936357005412881,-1.1063034937643947,-1.1329365826106277,-1.6148712223215378,0.021302189503930754,-1.0512744941061871,-0.43803497423181315,-1.0358256826565913,-0.9520443938118317,0.16956489998450058
-0.023242880160477066,-1.053353028329565,0.7297776479681309,-0.36384309935211273,-0.5155568950591469,-1.1373668747243002,0.08170459372118842,-0.5265494372480177,1.0913794608128178,0.005089810140680233,-0.004426753020068552,-1.7311279486281788,-1.0514703134520516,0.9892915834343634,1.522990011865319,-0.17743467510060862,1.2625106411842713,0.8489117018830613,0.40016182688178137,-1.8436841838665723,0.6409170855634609
0.45229452053560515,0.504394917444834,-0.999985540453436,0.9217309474679458,-0.12546517257464523,-0.5436472723319971,-1.0440773895074806,0.316641389492056,0.7286861037395477,0.9100946579159931,-0.3738762458019392,0.8839277183642963,0.22284851435094932,-0.9898578267879513,0.46334567164747464,-0.06538288494548528,0.1689279920852867,0.5025414043155512,0.6762586767312558,-0.11882773318040725,1.684966964840664
0.5126680133364717,0.2834288044486012,-0.4278084670514163,0.7657188722297602,-0.375795803264574,0.33686439130992235,-0.8176814666486728,-0.7731108191886031,0.5291492811597768,-1.9676498353905498,0.566211773203911,-0.07890742930276975,-0.044860444633310397,0.011711638278911606,1.2878192534290918,-0.034963416780840494,-2.2721808712319334,-1.120916294074114,-1.3608833273143484,1.4642729281555302,0.5555525086197564
0.861708719881695,-0.3511491181733817,-1.2679048218157833,-2.035055107917824,-1.2386091620953636,-0.263410097608215,0.06997389867973458,-0.6888181685758921,1.203595317910999,-0.4855619842236067,-0.8206109032654745,1.2751968047602344,0.161575978016783,2.161368807393843,-1.2334830247794615,-0.20274288950117034,1.8119564933246814,-0.5996003986299286,0.7391168595572474,0.3311910224594607,3.0128156327886493
-0.2998712043934942,0.11598604224590704,-0.8587596627452462,1.2911056928689124,1.600212259872421,-1.9827217140514333,-0.7687310570926217,-0.7774932028339268,-0.35802303036836397,-0.2510439491102259,0.6905534071126348,1.3114548954407623,-0.6830268048888362,0.4613642669148417,1.269662489010669,0.7392327145886024,-1.50256736125238,-0.2695655138056093,-0.8222064299531981,0.23608321290502862,-3.318490236127659
-1.9560887806139284,0.6554441665151204,-0.8591807609470395,2.057700765134121,0.7341747790358246,2.317724809761177,-0.627033345052677,0.43887971965157774,-1.182028145298976,1.6879206063974619,1.0249780467977527,-0.289503108331673,1.1970523513473823,0.22732828273566316,0.8718026959590234,0.20269934306050844,-0.15750010014394009,0.6878925546391198,-1.201845005160127,1.072465819609033,-4.643654231141557
0.5837497795697273,1.099564320147439,0.517379689247994,0.40889327533919384,0.17701908012022108,-0.9110681754955469,0.688531075172686,-0.11534392625388092,1.1011458000454795,1.1860424842212984,-0.3849605562814832,-0.462100460765612,-2.628633796613342,0.7581916727131724,-0.5108489801573256,-0.809360508416485,-1.5868657055853905,0.6714742020849935,1.9254348518192168,0.6800194556063434,1.3778057730953015
1.1703058664759403,-0.9706029896101174,-0.6348276194998796,-0.4178159188573796,-0.5351012686574679,-0.04201700448027977,0.6180135636010322,-0.9322628024371997,0.7512877865923097,-0.5336674233601515,-0.3904368571559185,2.0324596159815433,0.44760597212786624,1.4000774502688593,-0.15577354095261395,1.2217514730319015,0.2051460869035196,-0.7031875555354707,0.26880541324864154,0.46120896301002107,2.890740708513756
0.6913989227388204,-0.026576784464917996,2.4223939759555444,0.3000769012154243,0.3279535270960885,-0.4343467668395192,1.2888537760700571,-1.4448783876982916,0.23474639428046626,0.37846636016905827,-0.8713206565273935,0.9914953677961027,-1.7732818543049775,0.8103000148879457,1.0790233486038203,0.5248735562095707,-0.8010099941570845,-0.7624414937825522,0.3677184278061451,-0.2962959696186093,1.1432342797363026
-0.7995564273472836,-0.10509858178071903,-0.7385212673503193,-0.4057048505974147,0.9139319436354961,1.2763071985482886,-0.933607496473752,1.67930252611364,-0.5221913218234084,-1.0507218772823435,1.1568663044668803,-0.7269800079698258,1.6427162390333172,-0.40529817278925107,0.10936290418530036,-1.6848115271420654,0.8136355520756894,-0.3753632488028412,-0.8763136600122283,-0.2918844794437605,-3.712285534731809
-0.8354592663305239,0.8781478488853472,0.8260177933573485,-0.40220918397092115,-0.24895317169264408,0.08687924213393931,0.5930997897216576,-1.0354565661812714,0.5148282720173427,-0.21736468340882498,-0.6720443095704621,0.7706645416615762,-2.2743153828844775,-0.10038037108004089,0.050212067621271596,-0.5662789955706373,1.8267137452997613,1.1615065055153793,0.2781731964816273,0.5683770324913218,-1.5351702659742372
0.9069513974248076,0.28258826466301695,-0.1252678877194348,1.0131371997161789,0.5207735898532708,-0.5051873665653513,-0.5686325029654052,0.2342723870061482,-0.9919630667320171,0.2694378367427816,1.1869357378461198,0.3389632367720721,-0.5778548180598515,0.49891778723375135,-0.11196273181980632,0.28834870583593275,0.14718314141910807,1.6062650326040402,0.6868989725338961,-0.1772916922202912,1.0976052882467757
0.3213621967680523,0.5998361939971049,-0.39943760558574193,-0.24855635844485405,-0.5012909372083365,-1.9055954919766493,0.7142584897041266,-0.3934316148185949,-0.9558445708905159,0.8242246523329116,-1.4265565878454922,-0.7267969553437615,-0.06378122147000383,-0.8031044607635462,0.053541929614002774,-1.1720861804754696,0.6340692029854205,0.5437055551710234,-0.9294928150243901,-0.8271247950188767,1.7244929260133346
-1.7925008655554906,0.5601797820159695,0.772905294458035,0.6018394955903357,-0.3158912719007322,0.43714441846930147,0.3370837339346083,0.4778635630818518,0.7806967553725992,-1.426893204794806,-1.2440457314370328,1.7239752210775174,0.38063972773211985,2.714031805750344,-0.6843892925231099,0.08504463252510075,-0.26962682158835716,0.19503519189625293,0.13108019197159848,0.3034892953206806,-3.4599717072934375
-0.5516315557572001,2.0746173013733937,-0.8563306655054169,-1.4253045719380406,-0.020767118724769194,-0.8058508794354776,-0.08452240954357763,0.2837981768058245,0.9942542190867592,0.09255805225603542,0.28763610684487556,1.0532507527050543,-0.9690579890792641,-0.15854973558891694,0.5107613152966275,0.2884716701333209,-2.2718975474661707,1.4728269324334957,-0.5474853478933495,-0.018041366185228943,-1.1375049643925406
1.268346484693676,-0.8759207701872954,-0.6159019274955749,2.9532421118669685,-1.0684728268802706,-0.7790458358020897,-0.6341636400940525,-0.6180334517397511,-1.0377410316031195,0.17990789974322693,1.4234241013583977,-1.0803334158862197,2.575884377545754,0.8036160426285063,1.1021832337453952,-0.3298329247476424,0.3301412232536258,1.3643943043744686,0.8373957258743219,0.7252907734705533,4.240614088276101
0.06989114768772144,0.1751292658563767,-0.9323159801066387,-0.1552045246883245,-0.3215023329214008,-1.2134323187065472,-0.4638830173478743,-0.21523331101779958,-1.8361942271045648,-0.4755992897075028,-1.2269548065554727,1.226946025333484,-0.8394891757803287,-0.2913022335244615,1.0473063239792322,1.0669419795403492,-2.053828567805942,0.7917942641217481,0.07450163326716475,-1.726665038701213,0.40078217716413456
0.41296808971543303,-0.8892456722324573,-1.2616962395169073,-0.34654523996224484,1.0952620286551054,1.798186716094628,1.7832111335278262,0.9811834718450069,0.41959234209302204,1.1344530925093719,-1.5478495831933834,0.27453458695844435,0.3723264118270176,0.3383030911614477,1.3634332688775195,1.0676525487151265,-0.03295708925700597,0.5148054028651553,0.46814115689455094,0.7423382608203515,0.04190205458262036
-0.8771016900775461,1.0703573462850167,0.9608105504003234,-0.41934970119657744,0.4534404647398155,-0.21993743893459533,-1.0345541909264078,-1.3430095238430115,0.25145755542801673,-0.49705958470935324,0.021011174681886395,1.6191584225803861,1.038352218296829,0.34847108999832566,-1.8469410672097644,0.5291528525774823,-0.2574504975313174,-0.8565048807908414,-0.9636501358635617,-1.4255680909056754,-2.4994655556822054
0.10276993541739532,0.3179559036725587,-1.052245920628269,-0.7979167776997683,-0.853778658400612,-0.8479350319019395,-1.6986169895326078,-0.862404283015576,0.3489577027161925,0.031315902265412504,0.3941517801322195,-1.7703497564482464,1.280936228953656,0.18846620742175413,-1.7792594547208118,1.426155776697875,-0.9821873041704589,-1.4270090830188058,0.5092794907173847,1.7017804666399994,1.428229015866964
-0.8538940310269901,-0.4433802168845332,0.7212293450321136,-0.8944456336057848,-0.7887810662806878,0.923277397758239,0.8538976164367647,-0.39295824515138844,-1.255372094066252,1.9736917796744589,0.571108734529501,2.309144706425633,-1.6438332372559472,-0.41034917685650346,-0.7838209262162372,1.394817124022416,0.0796343776565644,1.3397033887359187,-1.220446791088576,-0.1618256893967178,0.4028647128722301
1.5298525150347202,-0.7086982903719715,-2.5422408615499577,-1.1481320539758657,0.6583866218181799,2.3676343960444703,-0.07370606296044241,0.49603692770562496,-1.0924817249431935,0.5164363215652171,0.5777851588233797,-0.2787974537942492,-0.1457302785529615,-0.576271742254102,1.3880484479427029,-0.47690123963419895,1.1351112434043271,-1.4389171252367523,0.4041687392096857,-0.8073691540755251,2.1040227887470064
0.5336941326937459,0.389884504779925,0.5668598950916455,0.8448775733528896,0.1456284607067129,-0.2658931349564861,-1.0067785519699037,-0.2893442397825252,0.14419489692914386,1.7082511787842518,2.674026663475812,0.6318721062699748,0.3086789062732683,-0.049712636506050525,-0.37297677265672247,1.4622951685024423,-0.8946617064404108,-0.09897451308756726,0.6519433912428734,1.1991602562015427,1.5296698222182243
0.3191814256548431,-0.4565286328611058,-1.4573136045829247,-1.4701403504192196,-0.2775226182273518,1.3299125698290704,0.5753542371141663,-0.44524730487468234,-1.1713606693901946,0.24062770956761495,0.10978264520483251,-0.45342553621032766,-0.6284987719800402,-0.187388574501807,2.4430114027926284,0.5064912500504475,0.09947542035593154,0.4371402097639175,-0.2323248465473101,-0.12823563488970754,1.7040994230705122
-0.19615622120299134,1.1023588421470987,1.399201450055774,-0.11904322369520767,-0.24901546262764415,-1.2941994802857704,-0.27827840666518355,0.5962700868030494,0.5682960627481375,1.0169875767816579,-0.6813489002707097,0.8751389265914676,1.8405795189853176,0.5845555654301251,0.8933087935302477,0.3975979609361387,-0.45572934292674255,-0.057840837064148484,-0.899783369478647,-2.1870954228065855,0.3288287540828891
-0.883858803119902,0.35213500071390424,-0.6750256448148485,0.4227369042797483,-0.025941093754815545,-0.7125051212909642,-0.9912879646893996,-0.39719180242121893,-1.0256346179988887,0.17316819031108588,0.9551787392623436,2.1036447825479607,-0.4716813298940625,-0.9143850891784998,-1.077768025467225,-0.5773720969044855,-1.9966237142705507,-0.7595270597658833,1.3402859749088265,1.165237776880293,-1.3222996224518409
-0.38638352623920746,0.3333395911298143,0.5743396411169063,-1.8452103329683924,0.4325122276947338,0.7403442664323924,-0.9765525620461267,-0.9517211895620123,-2.185721111092445,1.71810955987468,2.206875834376304,2.373502808554195,1.3431445492896197,1.0125243158261186,-0.4697466064703558,1.069712082769492,0.19061849072822043,-2.3685609081650707,-0.004401002141886634,0.10354843341175438,-0.3699935310784127
0.6275894308535498,1.6576338795527943,-0.6497509288139168,0.03571022058132874,1.3107732088048674,-1.1158733720678597,0.6523021534633705,-0.36119679752579104,-1.2611488169060439,-0.7300142122341994,-1.3430043008267754,-0.5306852465541552,-0.036705104735817805,-1.4966700751592603,1.0408459056294068,-0.8825238153034746,1.8293593712862875,-0.813371459810962,0.960759846249066,0.807738914117614,-1.396992616854307
0.07529275135374869,-1.5562444134323508,-0.9025121312601122,-0.19421484354621876,-1.3939059300913395,0.20483561603541955,-0.37490272286401133,-0.49277600779139813,0.46731775253850466,-1.342938352390836,1.9185065160084915,0.4820455417898948,0.9009237500019611,-0.6164301907548452,0.5242458481007162,-0.11209007540803222,-1.029070270353664,-0.7381815160472875,0.05116160344051663,-0.8746339431483718,1.4826597827501296
1.7096774070564955,-0.9769644128104116,-0.8987457873359695,0.4929500042003336,-1.046606223817698,-0.2834723105303292,0.34915420345703835,-0.35771224343508373,1.6936828849783512,0.133786648295243,1.746922961125185,2.574646465160705,-1.1216988705679596,0.7525881961356546,-0.6906769771864528,1.9351048538687248,0.7708192914130071,-1.179399003625754,-0.029556761545804992,-0.5719967942191122,4.98577252237489
-1.230299243541402,0.6307227779847707,-1.2745179739776697,0.4218284484102574,-0.3254360822841948,0.6256962214296583,-0.07123581174485485,0.46910677923896354,0.8652006826011919,1.4864243585903312,-0.8110481760469239,-0.996308574417204,-0.08725141471113494,-1.2946261345345214,-0.07749309972268931,-0.4612246836250303,-0.20205148700205014,-0.80556927609447,-0.7422267309513133,-1.2657254560285294,-1.316813463605815
-0.7407750265204411,1.0028554594409245,0.20756881924229195,-0.09963503486979736,0.46333574505038144,-0.14687411855687985,-0.5907984215122281,0.06503394265075238,-0.327533008591098,-1.3075542982831847,0.9198005375543544,-0.48113512424341826,-0.7609154080023991,0.5304548083145846,1.6455176514756222,0.9189259612326852,-0.35523664830451257,-0.8817576711489685,1.5605126811692978,0.4794234301528259,-2.4037022799448446
1.9596183347243414,0.5618200498549133,-0.22429315936003952,-1.4482576881022333,2.640351160383062,-1.5300840027382816,-0.252772252953854,-0.511945632491566,1.7784638181825374,-1.5413880567823963,0.8409681128599156,-0.21327409450212384,0.7731643475539357,-0.39907460872617245,-0.20342945778300767,0.011960366979017345,1.264736251406745,0.06232462162569361,2.3685149650636164,-0.029377794949520874,-1.04564186864719
-2.1067408864008645,-0.5516794804522561,0.6406401015826109,-0.8186524487149062,0.540508313294498,0.7467874747657381,-0.989289629780366,0.3603329770869358,2.269053930551816,1.3789116412963414,0.7388425014754393,2.8271218693600355,-0.42216091344437473,-1.0881211243487354,0.0064558639103896275,1.074008280764072,-1.3239570286736217,1.2273917791506155,-0.6376324087489933,-0.9913997145843851,-4.510292388430704
1.4921986871590356,1.6572917533576532,-0.887952757809768,-0.8687282493696099,-0.4244105486501961,-1.1584435790598517,-0.054347581565334646,1.0263720534955325,0.9267472360393095,-0.5063991437228329,1.1531804194181157,2.0288152702643742,-0.280327892401492,0.6678464136117228,0.9856500887351484,1.459980902984361,-0.9638215297358512,0.5100500614129142,-0.2529251306662898,-1.7373319507564164,3.6874304221172594
-0.8282345411876187,0.0866298827208851,0.30725486650756745,1.55051429237906,-0.3842609458140436,0.23615140521575198,1.4764341726448214,-1.426311411282129,-0.3019828636911596,0.3400988270426102,-0.9119916243786405,0.7832298700895054,-0.3473165632369959,1.1465222833898918,-0.8714702281076763,-0.21926745933497027,-0.49380217091456613,-0.0935013635690956,-0.8374664798742136,0.07119145142033186,-1.0275955690272904
0.6508437667410656,0.1664476492901848,-0.337516971536331,0.010678397115454494,1.010398648475167,-0.7099282865998885,-0.204684801033732,-0.13304762288931105,0.11254680990107266,1.4815115708956237,-0.030520794006803343,0.7937539985608724,-0.08322157233174048,1.173801510910004,0.6791230191073723,0.35797297556644647,0.6906045303795215,0.34658317882939216,-0.48315202196244394,0.7242699800870208,0.5078405325304945
0.9002896735967152,-0.6022756172670035,2.1408120221666,-0.8148397279242903,0.0817195760111185,0.2476284030387092,0.8319366619175252,0.7044285374496151,-1.8355546802910876,1.2819714014433807,-0.17353939995470705,1.0324051643397234,0.9076895885195171,0.1815378448061561,-1.6150291617748527,-1.3272329310463884,0.318790397849138,-0.7671787289052454,-0.7494736446922334,0.3709793149965327,2.2488902158706248
-0.2933607238043619,1.0141453860681078,-0.6548844854429955,-1.0012793242674554,1.1497069132161255,-0.2619012534819182,0.6692302572324326,0.5218368189740312,1.4632548691116576,-0.2920801697321091,0.9297810793044234,-0.631774832771158,0.6231180350181151,0.006756099404803364,0.5861199671078412,0.110471031099997,-0.07070281143573862,1.4559707288090682,-0.8860544701504145,0.14350248091670081,-2.6170633672946377
0.5874568726378269,0.22479553414856102,0.9609115205973824,0.5597619369702087,1.9520276180833367,-0.41568541721079766,0.5158538313496399,0.957166767809089,0.24254652211923428,1.274589698581621,0.43143159895614136,1.4463999990957646,0.22381614469892164,0.3558532602919743,-1.0939291722610143,0.1573310474678884,-0.08540323630341991,0.7192891880195389,-1.2916720550181453,-1.7083228800683163,-0.9246942363040725
-0.4876995910518374,0.3562523434103734,-1.687803788389422,1.155330488647275,1.0337552313765006,-0.5230932811427794,0.0322729023165878,-1.3692200001103105,-1.081399212314558,-0.6822979115685126,-0.13988004154146216,0.31743846313923957,-1.2240824584014682,0.3910300707509692,0.27620782469144733,0.5847711879925076,1.4552260107192008,-0.09107872689748858,-0.5023692796945545,-1.521901833854149,-2.453064354522419
-0.2533637159915931,-0.013633340188294938,0.7356163592273274,0.31122260474798724,-0.64394553810557,0.972629770193996,-1.4765840227175535,1.1906206106665154,-0.0003301644554967074,-0.057272205926197084,-0.8433494933821846,0.25310750579655894,0.22219032852176931,-0.9115204128802783,-0.4199741563700383,1.1803961593107015,0.8515004352879164,1.9162691956431346,0.9004856068069303,-0.45483954637466933,0.4179422790026097
-0.1132437711542312,0.375176337315128,1.5852113168923334,1.0636409031639633,0.5668532161393378,0.6494288968295551,-0.6425833237425217,0.17236087273915165,-1.3064147431040483,-0.705527767811166,0.8088245831545138,0.18729632821151254,0.5550638498314728,0.36341428482558363,1.2779472258341198,0.940923011890039,-0.22228780859291664,-0.43065083899956186,1.017729301961416,-1.6353781446443212,-1.4513583109840928
-0.45389742020458923,1.263152012009985,1.1924283129094053,1.457793502854187,-0.8365749702526198,1.6361798505912173,-0.8357448063760426,1.1157771742342857,0.9586758668910813,0.7172721660635868,0.22199876983064162,0.6316257900797138,0.6021227993738382,-1.2243717325251433,0.3815296127991391,-0.2763632951245895,0.4007438836341338,-1.1966984948603785,-0.695123433770424,-0.4900124614712989,0.6390314555774712
2.0143968277181283,0.24958350425687947,0.42291387344901155,0.17617578059572198,-0.8237181292119489,0.5208973688264196,0.1640231940407846,0.2959525824195746,-1.7114890040240718,0.08218644792876872,0.843919792759619,-0.8746322939346577,-0.55613879839651,0.02228382833300819,-0.10392972393193033,-0.3959920681325984,0.4933244632109441,-0.8114219956890092,0.7776285729655734,0.24586367715739313,5.2872182792808555
1.671566126264066,2.294351889769982,0.9410150848822127,-1.1611426358282204,1.6123821062021166,-0.1156602797548401,-0.8230376063778579,-1.0085246716017724,-1.337674836711877,0.1958668917396092,-0.40581397233700567,1.771186259544557,-0.5259430370055831,0.025056698572963224,0.969543634240777,-0.42634668252349234,-0.8928453785834943,-0.07467808405040892,1.4552295146719885,-0.496843558877794,1.312197990775279
-0.017333211312081646,0.9372097587235239,-0.7728018087866031,-1.209732366070292,0.19765409171999404,-0.9851601427480695,1.082676315874599,-0.9486719452121766,-1.0892035491351797,1.7730802101752468,-0.9997730491814907,-0.027830048055202086,-0.33280256038281947,1.6098268910800657,-0.14561670790568557,0.7082132694936562,0.009162144618209234,-0.5833806827073429,0.4487970483331,0.3739255451480647,0.5743185548294949
-1.1503343621705984,0.7470460417884128,0.8430005734751925,-0.6788007725847813,0.6732939754103997,-0.2729441807137297,0.8627693474783434,-2.490332989997559,0.03460609775051127,0.12244040318766275,-0.10662485991212564,3.040467705359905,-0.26883163978089225,0.0049707216647244925,-0.37181225126473866,-1.1852393041035547,0.15562494127725862,-1.4093368732729128,-0.03731545633924195,0.38200974867128523,-3.2090913739759253
1.1929721076851507,-0.9714141289272077,-1.2947722896715788,-0.5196702584194499,-0.8869475351748141,-2.1302506031691544,-0.2586821526116734,-0.9580174060915014,-1.405058223817309,-0.7251898043902242,-0.8573705235936294,-0.03232222816521862,-1.3020952237147847,1.1921057236286017,-0.33786530033904605,-0.2331739792711454,0.6563606477944892,0.03128764141464072,0.10566683323582064,0.12792796036642037,3.0802088424651535
-0.4478477511539543,1.9314524030042846,-0.5036614532766359,0.22973774446802622,-0.14802983178166573,2.4148215802979056,-1.1151510812105574,-0.6423458566905904,0.3426487639084205,1.9800543342083574,-0.3280202511875703,0.46418563605601976,-0.6950212749235437,-1.3179546481027384,-0.0392078946380937,1.3395525037030387,1.483482650044877,0.3224504637143857,-1.1798199747554683,0.14828778220183403,0.324950798548776
0.42569110048447073,-0.04616960464395567,-0.9926642516477869,-0.22293093913797135,0.22885218834770923,-1.0765609420293076,0.8969328926763628,-0.9387354365927496,0.7646240943998028,0.9166773556703656,0.8996532745969242,-1.3558854924308201,0.29992644838734084,1.4337890880864146,1.0324560154289277,-0.43276708198348723,-0.19199403304428,-0.9883330129700497,1.489919475528195,-0.28566884597527337,1.1314128459785948
-0.3209460782747377,-1.1196066696923024,-1.5291730175270106,-1.4738221020116526,1.8035372832089616,0.08076637570567548,1.7651619997640147,0.04390686304401437,-1.415400030684283,-0.5076157656577681,-0.48996079297579576,-0.24742114651542482,-0.40560689540832395,0.6766228521212609,-1.5672905276085316,-1.1250155818221879,-0.6791136252092668,0.7997085514641561,-0.5897064367321857,-0.8721492413263487,-3.6352975716186857
-0.14466228703138576,-1.5478181976226886,0.565639747148957,0.7061919990217679,-0.07477611810122962,-1.8721839894337065,-2.36819464972886,0.9401209427956959,-0.3906077666866039,0.5012217070357878,1.7306787228423703,2.7118157179394786,0.6884219372805752,0.37364937653825864,1.1250697921556676,0.41685456365276796,-1.5533004968254676,-1.4856669829404545,0.7765150553170325,-1.7164524560846708,0.13837069480746655
-0.8150384247254991,0.5595338865452366,1.985506076963513,0.00014533217544052392,-0.4682174709720905,-2.2508463740745515,0.8739956306100797,0.7766616004421749,-1.5147790288427567,0.609670334130752,-0.3696225740911636,-0.6199336737252713,-0.0630128627134061,0.8047163972785533,-0.01879056108952839,-0.31357733203367383,-1.0083293277454508,0.4969326192231462,-0.5491587348989975,-0.29168182135556986,-0.5766140597479439
0.4992889275221516,0.14649242811130886,1.4790043236345,-0.7916811116717646,-0.0962308474261032,1.1639524598213373,-0.7002285177544124,-0.43022465951967115,-0.4357179639902685,-1.4343146070256383,1.1580661614330992,0.47822755704443465,1.1668763824208876,1.121328345304992,0.28643568415510906,0.2527603201463805,-0.7520650125868626,-0.546039254176673,-0.015419173258477501,0.3565007804862726,0.2520416933908377
-0.24141405473952807,-1.5526122179452386,-0.9002919340232499,-1.225712003505123,0.8804503411269722,0.6024603881952827,-0.7831765757178037,0.25811892299360184,0.26338175341549713,1.4777966953582726,0.30818630328055174,-1.692814931705541,-0.17302565641698195,1.875513129921621,0.6441742708435297,0.9176174678884411,-0.2701744051668136,-0.6206902473448364,-0.22150670543832707,-0.7568481642918148,-1.0494276502049007
-1.5103089152871663,0.5125367808448583,0.7773814965395008,0.5477595219895636,-0.19014067477059515,0.7081019212771187,0.1540927223594389,-0.6610013294414991,1.295538500636213,-0.07680255406930085,-0.3485076775332682,0.8452901891190466,0.35025475774079023,-0.04031871996631124,-0.5234201956901722,-0.6851100876470002,-0.14154922192764985,1.7836608163438559,1.0103272930422982,-0.8762670638626006,-2.813144262316121
0.7479241178337448,1.5684657265413011,0.8909848112587737,-0.604968720772807,0.4947239627250381,0.39373113524825926,-1.1820083399173866,-0.7503847797265427,0.761786427492872,-1.7976504367089643,-1.2665889984044838,1.0695978867756826,1.1629433855870421,-2.0159665373197355,1.289380609061162,-0.8910508151086068,-0.9210794179262791,-1.5328480355446836,-0.7955268040838315,-0.7697622788314146,0.07211840490193569
-0.25894451116742906,-0.6650932018901453,0.8523203171382169,-0.8163955366578333,-0.41796417824983895,-2.1434583373401783,1.5757947067925255,-0.8075160242798528,0.3193869355799327,-0.2171087655366291,-0.7748083136729549,-1.453440330733848,-1.348272103692266,-1.0862429665123776,-0.6269414890588476,-0.14053546167437148,-0.05252335557036536,-1.3545805734997278,-0.30812178726089046,-0.460466950383454,0.08398254702948435
0.9387842489398798,1.3634685136714362,1.1313717065988602,0.3725510727799902,0.057344038065077436,-0.7119976236872507,-2.0240968968546764,1.3745834367344423,-2.3779815312284507,-0.5581538416433289,0.17870258315104995,1.1275012996415577,-0.7138060131201116,0.939443931102415,1.7799381809172088,-1.056053111266023,2.484482460363159,-0.19083892234029443,0.9550510945778089,0.19349044543163765,1.2694374385576248
-1.4819879253503567,0.43275721167858,0.07293292915140615,-1.4534259900948379,0.31038315409150746,1.6134152823944161,0.9936690170329657,0.15991056299584283,-0.010644127233267246,0.1937062972768666,-2.178344947744335,-0.6635542990397941,-1.121075645473754,0.36237377493565054,0.1867594145842791,-2.035740537679112,-0.6636086944724179,0.523089216377826,0.4577133170510341,-0.3564592765244445,-3.199148700381452
0.5921098362273318,0.03159088783022159,0.8867365212957897,0.44303858749120323,0.9177895742027244,-1.7905058544468717,-0.885597700619785,-0.015254612074836006,-1.3039807367344554,-1.198305748391619,-0.07963257114111458,-0.9492191350028674,-0.10688275585792674,-0.30034334897904735,0.8539021177449276,-0.11854981567995054,0.6677316570305168,-1.756469631578486,-0.8047091254611483,1.4431209609826714,-0.8759608137341457
0.6407772762465661,1.8259047806387187,0.455413273836305,-0.8178701423946598,0.3177023361470604,-2.220256963942579,1.9531394635311996,2.2644350197048553,0.5949925697712138,0.06039565120721889,-1.9300384814759795,1.811695432003453,-0.6843980717879381,-0.3789106835481988,-1.0843940636906968,2.6482777669727513,2.1461595941046316,-0.29836301667666354,1.7959130238928818,-0.04854785778699254,0.8694762489584603
0.9891482992024752,-1.0612811566367484,0.5013841790151145,-1.5452017741312747,-0.8201421060344292,1.4249710033066085,1.3780817405351946,-1.5328318395160963,0.6119275631205429,-0.3830555472745178,0.23989498648893456,-0.22564007742181508,-0.4260218249373358,0.688571835794701,0.6529376650007244,-0.32272225795782467,-0.8259378375630726,-0.46683571176432903,1.3490881080051693,0.8465898734283609,2.962980232511509
-0.11301091088201862,-0.707786664265791,1.1315948408400711,0.43910497297189954,1.288972467890843,0.6939723252880255,-0.19711320460154205,1.688249511575396,0.6866085449096604,1.5251960154896578,-0.33908852494260094,-0.9051570237304937,-0.7381348530847718,3.286073524446124,0.18364750234628613,-0.6270793652331264,0.18527565929660078,-1.4489954204565023,0.6065742499389957,0.21327717501290017,-1.5022889670539405
-0.7382665890611434,-0.5319269200881881,0.30849451895603075,2.0187113672080694,0.71879344099629,-2.004952794215617,-1.100197901471847,-0.7499737463548122,-0.8856303332882541,0.05255047801016133,1.5507530572940682,1.6617578825644244,-0.5791287699843396,-0.5283739161356912,-0.5591170839007369,1.1529946966212596,-1.9476900435439113,-0.9018248992055307,-1.02372222498557,-1.235927460447334,-2.957984991185378
-0.07276754730566626,-0.2675397555948644,0.2369857922508578,-0.08211872059849726,-0.163841599913439,0.5040747416316723,-0.36982922880101265,1.941089331781805,-0.7428265231210744,-1.0624242945379279,0.8895276873355127,1.6307603680702853,-1.1378380324184636,2.1404665884935574,-1.3984469288882686,0.0963804760185075,-0.32469760415774856,-0.7083960444453802,1.9936122304126342,-0.2966097698704232,-0.7588040104484071
-0.5138255276490845,1.5368571263962034,-0.9716169135190608,-0.5573332886069745,0.35774718565101427,-0.47330168034503284,0.7388112766748098,0.13286299712379612,0.5818564758730039,1.61072105625151,-1.1131811852304057,-1.1894856778886496,-1.8163772039688866,0.7272525513259109,0.6955662648558185,0.7280122703519534,1.4667423563536368,0.16356389535465402,0.2795901125493359,0.4391001288970546,-0.5326662142384448
0.5254066356937842,0.7131846687841176,-0.0601725598064235,-1.9154669162314495,0.03670420691086919,-0.08827049326995505,-0.4211742927456603,0.41094809646982083,0.7599391070047705,-0.9829039583565391,0.42725474747599723,0.8340050150245978,0.552351301978699,-1.3300389298178301,-1.110072899489248,-0.735531536715808,-0.8630190548992072,1.4664323009500368,-1.6229343562570293,0.8685057020582704,0.2968305346378284
-1.954730155196765,0.7572025527617994,0.47552562675287013,1.8917634514948483,-0.14041134412802314,-0.8851125168114521,-0.846821993501471,-1.0788221409162249,0.3484441976224431,-2.086716879764915,-0.5271144404907522,-0.26949004924303127,0.24299271090609353,0.4747923103078663,0.014911631032081804,-1.9265836059017978,0.5566278329568806,1.5815083016337033,-1.2813955018514702,0.951887010321,-4.651075771888355
-1.3929266904969497,0.24972550196149745,-0.614124582805509,0.3510615616901849,0.435709895045713,-0.5169524896705051,0.3501330319123549,-0.5232005098501763,-0.700388093896005,0.7985946785400765,2.067147314200191,0.4119263283825027,0.7044531314788384,-0.18325011044080539,1.5716143056409404,0.3244246661990537,-1.7777443844673477,0.7299971606699209,0.9576347718412525,-0.7098273052751306,-2.8849869427173767
0.4661515492614232,0.4131136804526239,1.0939491985629448,1.0486146651173318,0.9415133076022095,-0.5670823984101424,-1.5919935409277939,0.2492803205076277,0.5310837158725393,1.3215277541653045,0.5504120231374847,-0.7735823302865645,-1.2449912727290806,-0.5851144426845439,-1.3968556006857618,-0.8985758429369619,-1.0486263276136822,-0.12552161836564382,0.0211592066300748,0.7977962351270039,0.2048404302432162
2.3566651758459303,0.7787221414503498,-0.5185199665033723,-0.43369627295359703,0.05434310432735787,0.8616565734343378,-0.9088446978153157,-1.2462360925404454,-0.2972268804048371,0.21879893668474004,-0.8653016355060619,-2.093128535242364,0.011442272102994904,0.4957083390005966,-1.0694556069544112,-0.18875202120415144,0.015104895864614847,0.8035657889484797,1.0464574285826367,0.4175970032912179,5.210028128871654
-0.8881785676054341,-0.48637816742183576,0.46507417904434517,0.10382449913068267,-1.2011535158228914,-0.32213920479829183,-0.12653020559553427,-1.1614024695870622,0.5644083131127363,-0.6899617944992723,0.9154025563142291,1.3256562676380823,-0.9408728398306085,1.1512762823960854,0.11520844603929464,0.8217217538470662,1.6124395115732435,-0.22698878280791443,-0.304969180886633,0.1451369333212681,-0.20003173487274822
-1.7745580718948923,0.2966587863359457,0.6273933622953421,-1.9507644148761565,0.5969824509032863,-0.11755768336439043,1.403427395024175,-2.1581402390604163,1.6242966939872094,1.5384951736363182,-1.362564421423002,-1.2797548338985647,-1.1615311293840571,-0.32367174665177456,-0.5025192001423653,-0.9868788732377424,1.074985820864857,0.16990581321392967,0.028100748018624364,-0.950743622874252,-3.660862795234279
-1.2059274485602989,0.5986452893867621,-0.6575494760038029,-1.1851904047957476,-0.38182523302565463,0.9337687317312937,-0.9340028598224278,-0.6454181088366588,1.0261695753864566,-1.479977630375477,2.467094972131405,-0.9951502034112241,-2.067852319254802,-1.3175779055184431,0.7781069320755335,0.7601417162988181,-0.7904165523548428,-0.1338824854939275,0.1613162335127976,-0.19820437065039326,-2.5076420176096
1.7185966893584994,-2.232152225755738,-0.46854582988895604,1.0628303476128322,0.16471002278274902,0.21415183079003836,1.420259906567125,-0.2748029874472803,-1.2714647416981604,-0.3107114574413213,-0.2908801086218482,-0.16859376432366333,0.49506697458817095,-1.3365234256002014,-0.4219276648603751,-1.139590917343431,1.310398539772128,0.5028706964150651,-0.5355642038296319,0.7107189994535525,3.397070850289006
0.884556531091939,-0.7546301482715982,0.2803108670691552,-0.08044053937306345,0.604754147603565,0.3777171965997838,-0.6381828455030477,-0.26302151484677183,-0.29314700383660974,-0.4383021664010132,0.04835619084301415,0.8564900534264515,0.33042742055182756,-0.8314792967590966,-0.5156058311891971,0.3792524123118241,-1.74352200440428,0.5720446398351506,-1.2219259716418736,-0.9009312634994167,0.8401428566366457
0.381187638554204,-0.26977832809716734,-1.2034269234471286,-0.7640356136434268,-0.023559214283271627,-0.4565149305155066,0.16837643638133284,1.7723478345974575,0.32791132224321407,-0.7430068952245881,-1.7181144835690936,0.9477464692031565,0.05398814768944009,-0.38198867770436606,-0.9524234921876392,0.21848714209591502,-1.39280201347271,-0.6858028788147464,-0.13841612321976138,-0.3191289037388109,0.527359153271688
-2.0067097882247444,0.952373681090782,0.7481541693663197,-0.6513512617108311,-0.033499812191497495,0.2504779380371161,2.4627805548571717,0.10877811273533378,0.5458949868272123,-0.9412458264168301,-1.4262593255652316,2.995830326503959,-0.861428829154513,0.9583209297667595,-0.17848821606831372,1.1389161605806173,-0.6746209280025015,-1.3991597868204775,0.8605145423553446,-1.905240503270203,-4.317927016786067
-1.5535167600114694,0.36366767394074345,0.9840738616977421,-1.086717830803997,0.548869361621741,0.7340813895728174,1.418888799443518,1.9636030814324181,0.9022566426111784,-0.9864811790197695,0.23316311681355448,-1.0174688164749024,0.04936860122139303,1.296621922930848,-0.624102295678582,-0.29259138763796505,-1.661451883237478,2.8058378441789067,0.25348050465320543,-0.34859574418928685,-4.155498484940516
-0.5634251416799948,1.3620185200580675,-0.0019680635112910125,0.8356338191813792,-1.205425389512351,1.6669412001441726,0.2335611343704426,-1.6561210624233285,-0.3888488912796881,-0.9910976135842654,0.13671483659362932,-0.8640352671034406,1.7324419950409946,-1.2497018186606097,0.31997986507072507,-0.22953294172466923,-1.153762695683325,-0.9502418134707038,1.0168944740337817,-0.06996990030924354,0.5146296349351596
0.39855197855639796,-1.1049618633706335,0.2959666123244635,-0.14277379713295033,0.3272534373707068,1.149670103856754,1.0188356041841604,0.6683684616840913,-0.7965839485237374,0.17484204131624365,1.4959666218165057,0.46441909745578985,0.5991853524680184,0.4642112421535979,-0.2998166068494505,-0.7271391270108849,0.029263243068220993,-0.3463542050578915,-0.24484439001348884,-0.301966491889172,0.24990015060073498
-0.7043612145542604,-0.3884096772614454,2.407927120715721,-0.3947153716458723,0.838105945660839,-0.7471700482059999,-0.40990019106531705,0.45361157862576806,0.29621243538972253,0.5319144395847297,0.26276237941824154,-1.2441523470812128,0.9928081511728656,1.6539928831485111,-0.22259538637113727,-1.9021992354216488,-1.2945065294576632,0.14795103451572325,-1.0948928942169303,0.23137408882726562,-2.3696276119938595
-0.24141651682589196,0.115314643580089,-0.49169551225402086,-0.8719009452046652,1.2260055489360544,-1.712333279422303,1.537641792052732,-2.46555934529894,0.5134802855979347,-1.4232725775117419,-0.3441642383453766,-1.108574196371628,2.9592636791895104,0.7892217686909321,-0.7081004150337116,-1.1918479747160697,0.6179397712834428,0.5028647415001759,0.3236351529471475,-0.5205930810378324,-3.0074882986924956
0.8056479088383341,0.5967893587389967,0.28617416685149233,-2.727240281531802,-0.26072545223629967,-1.0337676215449343,-0.3121959349645664,0.36922564222152615,-0.4700647115807297,0.9315146395027605,1.1383334327659334,-0.34170573406174515,0.9812507410299977,0.35769919814421725,-0.5561740425327982,-0.4583251290715793,-0.780500504176913,-0.884307999749878,1.187818550989541,0.8081768811177135,2.435027909533306
-0.4227558984069512,0.7508480623287681,-0.08043050327512723,0.4856650143951363,0.45335882769507807,-2.082815425031827,0.5693047049472153,-1.0323320954431716,0.05754477879230884,-0.12562413462667602,0.6912974791722677,0.882081891734022,-0.39020276895022743,-1.2833941565856717,-0.04407197670761228,-0.4514796573537234,-1.6671527316350194,-0.5603731196925433,1.240651167618448,-1.1711068673466734,-1.274658179721158
0.8537567714240583,0.7231710415456928,-0.12482666125477704,-0.5484131990267209,1.5206684163468043,-1.2077704551318482,1.2114272373810668,1.0251430094249934,0.04994464814293926,-0.4376399696879987,1.4542760675735347,-0.27155163482366906,0.5344149971813759,0.373125688649528,0.4168050963748138,-0.37968494850453877,-0.34102656474753834,-0.48599264237896456,1.5245147671262251,-1.003923805423436,-0.7834956187780983
-0.1090515476661721,-0.48385558038943366,0.9799841469411492,2.5562142773716703,-0.5933424050877413,-0.3966590463809597,0.3440987768058185,1.0959808412508767,1.0367184360943975,0.32390985868657785,0.7368575200664125,0.289934617421919,1.0676735763577583,0.9944058770710394,0.47482881511403097,1.2547174139497663,0.6401713477486427,-1.7660427724634928,1.6873760547573302,-0.8959222663731465,0.7162451539457828
-0.9394342889808305,0.1475891193807735,-0.11286844991034507,-0.21087663001607257,0.9771642032241589,0.4596422936851334,-0.8186193598167609,-0.11202711448897003,2.4492368918077045,-1.1023846251543317,-0.3392254120078742,1.3238407503817697,-0.3674820480381216,-0.3546927478447921,0.3388267176566864,-0.6540028541193144,0.6627646548649904,-1.2830746401665254,-0.9537044696217895,-0.5811793654365939,-3.7997070675696873
-0.25343552328476754,0.46341380746146316,0.17109270097582102,-0.514350291021034,-0.15255628500498453,-0.5288753454429134,-0.6042652859418309,0.05786598569796377,-0.218722809445766,-1.2014102593879703,-0.15425269048946594,0.7951147528165851,0.5451792578342619,0.24148098490935535,-0.6850654620217439,0.047813052292358306,0.5655574744298358,-0.08852756792495893,1.1485355375693336,-0.2709595537304176,-0.833677983296898
-1.019747554059912,0.8068072853239722,1.049187167395388,0.21103384016201315,-0.5665366812078998,-0.45353882857010863,-0.8734509986851758,1.7351085870844005,-0.6130020324924909,-0.2443127829392408,-1.2709225493158096,-0.3104959932331949,-0.7503442264450839,0.629073587597911,1.0054780830682208,1.7701552013910844,-1.0225771802654184,1.309250148735815,-1.0455075923128225,1.8847023925877895,-0.92700278981608
0.7465211539023345,1.6935183464978099,1.5147400401491136,0.9139123069187273,-1.2635051434131952,1.4979151366187617,1.1352092910914562,0.27949818215996514,-0.8918224191195891,0.2300098946974621,-0.2471427826297613,-0.5720279007064232,0.8929401578146411,1.3456655282374403,1.8284053520269345,-1.1106225169307569,-1.7963168833388987,-0.6616681993035861,-0.4061034304910289,1.4762207567283525,3.2488711943044786
-0.11675009086112068,-1.3570174059457147,1.1299252425445452,0.4685421260168698,-1.3408227699347133,-1.3021466967999187,-0.9491529126146446,-0.888256977105649,0.03769091385414167,1.768544167640276,-1.3767597481921507,0.3131446935328827,0.0045035363887856155,1.6591365931278932,0.5639452359186055,-0.8385064553723803,-0.855114506363681,0.24213262811150071,0.8538950637495142,0.7879230901120473,2.7755801489096283
0.867997102957797,0.35954042446815376,0.4571231908588823,-1.2258470208444852,-0.995174710842485,-2.061131492377425,-0.9830261773321484,-0.8719088115865585,-0.1518831376514928,-1.4779054926597708,0.6411120862832299,0.3258589495941622,-1.1008159764671261,0.03300628187105987,-0.4248036971298693,0.14927377356788404,0.4267830706789194,-0.2637534404131056,0.22793110340953468,-0.8041086119148966,2.5617155348836294
-0.7720635721745331,-0.46653867158802237,0.15262136783607744,-0.292651906660421,0.04353151547907082,0.31617054801162126,0.785983482583078,0.13734249468221701,-0.5523840504626379,-0.5389807715584732,-0.7169520831762409,0.6501575362204974,0.03685516917447476,0.06685829601548214,-1.087995117864203,-0.8172358247941883,-0.7850752232833799,0.03533674703413985,0.4379356805553528,0.8717594443815507,-2.0746413991817345
2.022404959100843,-0.9019348858144406,0.5814970089964038,-1.606938604190374,1.6512766834568728,-0.11371581985496011,0.7948936569335956,-1.721756073095574,1.1779404156184647,0.7528480998048498,-0.7027704432120943,-0.37984656101951964,0.9901325074681033,-0.30177535143517503,-0.23072341565233873,0.2782577751287779,-1.2606013720684344,-0.45051558165726574,0.3125733102837435,1.2071980229079295,2.226598696388815
0.039865681543760745,0.3795488467555972,0.27126541396371545,0.32766207450583174,0.5264063976806442,-0.9795560115874995,-1.565044416858637,0.2097091657583263,-2.171475043513193,1.134655920996543,0.0762315341486549,-0.5964965944115943,1.4054315784701845,0.9494641495114248,0.30305888100236494,-0.7000309418822118,0.1744492870413715,-0.4491816262303411,-0.021074687507465023,1.231056057342886,-0.03615614025997502
-0.5352737432686315,-0.26378492316994395,0.8761210859880384,0.5043917423910019,-0.6922997660395653,-1.309301848469364,-0.9172427173897406,0.6657767120185453,-1.0538711983380344,0.26392728206198723,-1.0494414564656678,-0.9752969011519081,1.83811706158812,-0.14587866538343836,0.8551873524070829,0.9881501708164012,-2.2227069851530454,0.378021864954779,0.04098399183460019,0.08362084257027036,0.25920939505373486
-0.8713713895804569,0.8626646376613445,0.5005629627732213,0.11353943688130333,0.5948491277293001,-0.17508632198099439,0.4278751161244391,-0.5989205498546035,-1.048265430987711,-0.08734691410652834,-1.0891743060349617,1.5379084150393376,-0.5779877417882443,0.4046340350259213,1.3085222259461347,-2.4012950043211276,-0.3658982999415935,-0.12742406730304676,-0.3971124324843922,-0.3702306432282976,-2.593486884102313
0.5599123043402628,-0.966883924139562,-1.5326570305362488,0.17633127291321055,-1.6508283272814683,0.705028495554286,-0.46147054752239913,0.37171571221163563,0.5049758248979616,0.46873085534990233,-1.3464188008575404,0.7487771445565192,-0.18221828940395127,1.1539726157178027,-0.9229375499466519,-0.9967831196360212,-1.004712647651674,-1.6671775709302266,3.0097094244373537,0.7029462179932616,3.8333539328178245
-0.21371035006172903,-0.1388641781487517,-0.3445883840244212,0.03456463713054188,0.21010097233629654,1.4047322879458874,0.08389495745634831,0.03860061755280121,-1.2146755498488884,1.0122494582520551,-1.490126150039837,-0.35642086008247176,-0.9651346294359407,0.24367839131760555,0.8520984863745092,0.772877168190209,-0.25206131276672566,1.147691759072819,-1.0607015774850639,0.6892619647990039,-0.22422129631917775
0.906688675256206,-0.012175261060858332,1.002207638369251,0.4454882980439673,0.06072793439341682,-0.2515358879144292,-0.7061156003462303,1.3244401725802961,-1.3836605167850906,0.927307037066631,0.02821405835524534,-0.5078184195389677,0.5582205531245448,0.10704009320033661,-0.9011368852790691,0.8750555599175164,0.1856039037637983,0.9856259904665083,-0.9043882909181489,0.610135737448975,2.0143027681927372
-1.114498701296617,0.12046627381313894,-0.8346507787302208,2.594598024764533,-0.974013760342888,-1.3108973207343253,2.4011870080599107,1.905311501137033,-0.2296885957244196,1.386587261707881,-0.009413341051892688,1.8093276139086176,-1.0866571373254017,0.011844936563501994,-0.6086602007637039,0.3069018287488801,-0.48054841909962415,-1.0419986357857796,-0.7097871672893589,-0.2653643990617252,-0.09947445862443707
0.6690567346762579,-1.3662159737715018,-4.0886891726421695,1.1538708133057922,-0.8811519888005316,1.2908310477928238,-2.392437095694458,-0.9056187128886168,1.5257961308496097,-2.126482627699139,-0.24363554771154308,0.7466101068375672,0.11829349488915505,-0.8292393737756987,1.2575783794143753,-1.56219224265999,-1.7182181448682474,-0.5113304817509005,-1.557316511326539,-0.34885715579132764,1.4236997353194538
1.7297816329804545,-0.6299097640395908,0.916670007963268,-1.1884994607072898,-0.30423417390160107,-0.047683929005109774,-0.5451529823376027,-1.3407382694893122,0.8634243670061157,-0.5431669785850975,1.6502918501417463,1.1173314370813305,0.37140797640347223,0.2563942016793436,-0.04690090851043772,1.2406517639331038,0.7474799550634802,0.4873515855821998,0.22435971256638024,0.5133057249797849,3.7086951518576474
-1.3987983498572536,-1.2565594796173016,-2.564440113025581,-0.08528467012329394,0.23576520303325713,-0.06476812223395244,0.5651437796173009,-1.2457245575772464,-0.8014646578700845,-0.47796249477950326,0.25169745081752104,0.39276066085688144,-0.0841280638848178,-1.6731280827762225,-0.4084115269618577,-0.26128290522858105,0.6735604241092596,0.5338083588663245,-2.1456822258265715,-0.6511709595369845,-3.603852262429423
-0.3291089984203948,-0.914454362984069,1.5877852257854745,1.8138766701346323,-0.30126316226363387,0.12222279092020898,1.7928304291636228,-0.9809520181921684,0.6766730868320062,-0.8901345545948527,0.06036263954984098,1.2982805434444284,-1.308885192220088,0.61594610556061,-1.7888643485699103,-0.5896517405057538,1.2351217954350469,-0.29325197279423243,1.2055256307280355,0.6380366175126114,-0.5246338103801322
-0.5657319425145387,-0.07111597006721859,-0.36888240415785517,-0.3256466088335464,0.8440154680955781,-1.2988409365539537,0.2917843956532674,1.2735809433471759,-0.41692043382564786,1.1181447557340833,-1.530029571995259,0.5838575961606686,0.2322413567098566,0.04866342798425386,-1.6290629408677568,-0.39446320870696683,0.02244767923424192,0.6367518573386644,1.0003543921688602,-1.303917145528122,-2.1636307801837136
1.326582072682552,-0.31663930063807266,-1.2498181509291177,-0.38795176367974227,0.9080757823441024,0.9813212118421569,0.2706988049498174,-1.26450916715101,-0.7795860207418785,0.5058913991729569,-0.10055245465424076,-0.17731508461369933,-0.603761870329667,-0.500682521011682,-0.6601603400478224,-0.23554907943776573,0.0757702969432039,-1.0952372111487418,0.36211941062627184,0.616906268011002,1.7140449710712253
0.39305265673821177,-1.0618153666150552,1.4881130653870136,-0.7501420055040215,0.7356955726602179,-1.0876909571231506,-0.1341906714110257,-0.45052081699904645,0.3485318331858708,-1.0224490228339036,0.5621229082810238,0.4801301905779769,-0.04970492154075396,-0.12049655314804061,-1.2259055330642217,-0.10772445221073665,1.3971048805872872,-1.656359428423772,0.9294611349394355,-0.7100682905237257,-1.0915492449855213
0.7901209250307877,-0.5057897720283762,-0.8640900007970396,-0.15141904412916124,1.0466615103788401,0.9439508699975917,1.0048581785780994,-0.785980455275693,0.08196016190150922,-1.387109220864282,1.6322508041630073,-1.1870837007830866,0.792002388029958,-0.5242434490990068,1.2870136029923283,1.9832095639250094,0.7674776401802335,0.4252696228472046,-0.41515708472258267,-1.709207653904928,-0.5882106291881817
2.0838883477123344,-0.5978842685764193,0.6965828030339155,-0.22611928447108098,1.3780059744071789,0.32791187538499156,-0.8922012035511561,-0.8628370333909627,1.5638922855889938,1.1551256093873583,-0.5313153810963984,0.8710811151939706,-0.15952234228316364,-0.0926005494075461,-0.6182858452538682,0.7872097307190689,-0.2774291103021525,0.7666175809594042,1.0860303349418758,0.9443637172266466,2.3561855424064664
-0.9124234052027883,-1.1991462849168697,-1.4111676862595222,0.9752400252714973,0.34595419769784796,-1.2212175689541764,-0.8369111245211946,-1.179318895509764,1.014338830226662,1.3363460454622813,-0.05091922940874534,0.35190840738321977,-0.04791411653715101,-1.2264205256374967,1.509203965167385,0.2884796418009502,1.5026944745913824,0.3773296980155259,0.7193762458958496,1.9127480101372478,-1.308550209635839
-0.8100118633893778,0.4535769332392569,-1.2813070698654736,1.5542345453690645,-0.8611711055012294,-0.2673588105477449,0.920682930353735,0.17170068672527486,0.8657509825915809,-1.0647458627147885,1.23930207952913,-1.1551986884764385,-0.4132466432700918,-1.6032578353962221,1.0773969392684635,-1.396875863214294,-0.5037288596525531,-0.6822853907650768,1.1306222558658823,1.2822515334380082,-0.9501379376056468
0.8592205414716456,-0.2512377045220976,1.6237965390126223,-0.5557777148766285,0.948565250321474,-0.22062446825308868,-0.5102043467997712,-0.1543497177325471,0.4202455774093748,-0.6937232003591082,0.6634652150729926,1.2371135249268752,-0.11368160860933771,1.1035170884977563,-0.3374655326911761,0.5153774405680467,1.6924951427312378,-0.07471259165774867,-0.8172613222377162,0.3188169833927192,-0.1721662698741525
-0.026315175486777104,-0.10909657674798191,0.21698795238125895,-0.4816797981509647,-0.19935086680456046,0.2803269277277141,-1.7321034937051119,-0.7909254445429363,1.5083168853560445,-0.8609016086805542,0.3098283218562623,1.3529218989304188,-0.20711583123401384,0.5716872721767449,0.2901354866559072,-0.24036942176953674,1.4097307724101742,-0.0873539785697773,-0.19577016054577623,0.11730190012726296,-0.312314056256908
0.04196379234982695,-0.5747302943622116,0.7774825198418736,0.17436633832629309,0.7626626771133862,-0.6062518976763781,0.5651665925608593,1.3366923700929099,-0.13737855091741638,1.4524844908716363,-0.17701788330842846,-0.5425800754969027,-0.4763952504946891,-0.4677811213162476,0.9324631668909097,0.7377015554170222,-0.1402375212995774,-0.5617485100219519,0.23395016892568155,0.5210482677248035,-0.6084812754753162
-0.8496130597576597,-1.8185945751953747,0.203011664024974,0.592845700106762,0.2761109846749017,0.5566729145589423,0.8921477906815675,0.7991803382919423,-0.13690132429460342,-1.1809688225040647,-0.08696367099126308,-0.47276533130022996,-2.235199990132659,-2.2140464392682953,1.5460466090172797,-2.205872813895101,-0.5393298134517663,-0.7319670825439721,0.5035690797959784,0.13984904080131,-2.847689299425502
-0.7580342529232577,-0.9483563757785174,-1.2384673163862776,-0.3702379978787306,1.447848211197726,-0.47742484486375664,2.016910995892366,0.014039274051355447,-0.9636432016987561,-0.10925781769759273,0.2028538328602278,0.26680140775155486,-0.6704979523773489,0.48960362134584967,0.6002433652354013,-0.7812123614503473,1.1285527771617452,0.02983245158386249,-0.8561316744994024,2.522329618254451,-3.3305149314978237
1.0479837456801429,-1.4729063806714748,0.5824895207451769,0.04278880496714745,1.1201470359160453,-0.055980706211411484,-0.4976850831686256,-0.48959550059412327,0.12918814016978059,-0.4050028540058172,-0.1058760931907976,-0.858488511063525,0.8481496573149241,-2.247229895690758,1.3738566199906468,-0.19138351053785446,-0.6649177373686875,1.2535376864358165,-0.8931910186600472,-0.3839058381310752,0.4237879545159779
1.4606568699547628,-0.7949269663221384,0.23960840424134108,0.08647000912365393,1.7030245736833154,0.9155832785680983,0.7386594897718227,1.6828293591230066,1.0409227784905384,0.13136399189776377,0.7315408251130038,0.15656208521217896,-1.8043394980737515,0.5406637140391498,0.04695455703880094,-0.03067363642580189,-1.4078074695780154,1.4834911541437241,0.18919034356718767,0.4108290483426996,0.42736322854357567
-0.16257505841895914,-0.15085086506575407,1.6486451899651804,-0.6341489286349464,0.15318934176912263,0.5757181683128991,-0.3192574093795035,0.3423836131454004,0.9853042138045952,1.3186017122356104,-0.5486448092177316,-0.5317645841160685,2.1026429821911594,-0.071084750849243,0.07924683413536072,2.049008180593087,-0.22266516046042747,-1.546654880515043,0.28733187934396404,-0.47215013891272406,-0.27341427154206527
0.15864551726474194,-1.7524484162613325,0.5212121700215507,-0.24183185069907942,-0.3611755685741372,-1.3570353774424135,0.6997981726655274,-0.2459272539006894,0.25098562754116,-0.3078293098415524,0.21898288934248353,-0.34014926524885936,-0.330981128489264,-1.3496833277216802,0.36500278094435623,0.6148511621259624,-1.3238019232316294,-0.6429831282412704,-0.09399801164620401,0.1847914604209845,0.978996445243975
0.08946497586490326,0.8401535371225376,-0.6391997039685552,-0.7319362788817795,0.7232585804444632,0.8871161081398002,-0.8594686397768694,0.1259216872358896,0.20526882848219002,0.632798587561602,-0.08911309598302007,-0.04413687116611243,2.411606481499401,0.4517603630160492,-1.7920613993071437,0.43092202833768806,0.2821588023847251,-1.3738118788749514,1.2116442734605744,0.8259902697808253,-0.2639252869710238
0.5917378146041723,1.3227650279436176,-1.635724083809271,0.321216637640015,-0.05572655272804037,-1.2540845092836324,0.8936977247010153,-0.13969905000225058,-0.5173800550930522,-1.111565471697104,0.307134221012021,-0.11165900271917548,0.5343820443007445,1.5399197970064282,-1.7565827379110206,-0.2571928722466861,0.16444722749196936,1.5655573228576987,-0.819006615429544,0.841201974715517,0.7226753558454416
-1.4572082156832393,-0.7635131443067401,-0.3066507911847906,0.46321817375605057,-0.249435747915077,-2.0425005768918614,-0.9746180615633178,-1.209877256214016,-0.6214485662530846,-0.5787467392436355,0.2093372629058853,0.6648313444766905,-0.5652956103471893,-0.2410758673606859,-0.43898988473148076,0.045742352569493834,0.633000397748926,0.587700389546351,0.21876381727339356,-1.6047791018628639,-2.5862023693124008
0.5647319737018184,1.44065512248249,1.1797396471510788,-0.18012848277487403,-0.09563738848407427,-0.14030258483154923,-1.3823426064512105,-0.16790935606909332,-1.4053220109790063,-1.3613677279176737,-1.5763734603382957,0.11841578377685498,1.8945178157441973,0.3762643755450847,-0.485799607333963,0.5733300538934197,-0.4332466965745754,-0.4785537671299692,-1.7878807383431767,-1.427442421071858,0.9492474794031427
-1.4735675892566897,0.7272345430770542,0.6734302917935182,1.9973022095562751,1.174647815668934,1.600233056493061,0.5146491020227444,0.5376253885394446,-0.2916033964783764,0.7811164266525363,0.4814663403791846,1.2245587216129055,-0.058109701881673574,0.3390759286764643,-0.16547843276146718,-1.5520072087864838,0.6927310658908253,-0.19735990033347728,0.14768230752440276,0.6717940224972618,-4.682968917985739
-0.8945789926531332,0.06121904718569161,0.25976396361428683,-0.16251005417876613,-0.4286237927971652,1.528155108918886,-0.5039314933371498,-1.5440091978477941,0.17828841982326968,0.44138939177910924,-0.9884237953069281,0.010873485150985216,0.5174399005654016,0.2755347780286535,0.12361285234140336,0.3864790699606798,0.026122425673076093,0.7394145586170886,1.0199620313650761,0.8025547431682111,-1.269987610287209
-0.8238547517412551,0.5560776794218739,-1.5144314287334315,-0.6562286664159729,0.7998497277292789,-0.8609126090383643,1.7830235210601315,-1.0258083126357471,-0.7791581797170245,-0.44512933312982694,-0.5003868907981214,0.1946800228351755,-0.10735206057748037,-0.9257614378435735,-1.3183492749054484,0.6546182774897054,-0.7030128759031694,1.0543273347917892,-0.42826590384262464,0.13842018610221393,-2.85013533226475
-0.9646754415327471,0.9563842954025144,-0.7299475816103981,-0.3448427756827212,-0.33099916909688065,0.7066751850678782,-1.5159922014246319,1.7650744078079534,-1.0059137855084115,1.0469070623044483,0.4992743594114731,-2.115187551389092,0.25256301049778285,0.9985989422080445,1.026743610416367,0.14579182225434653,0.14766920565801003,1.755907273683381,-1.1645481793756403,0.7848025268895477,-1.2826405387388682
0.7613780438651847,1.0867522072010032,-0.6176616941246604,-0.7885027885364757,-2.129421341600895,-0.33389640000647774,-1.3067887865914414,-0.8137683666820852,-0.22252656009111832,-0.6292241805175112,0.4554814486887646,-1.06771386288337,0.5096963077622391,-1.4570445278392374,0.3049624103434464,-1.6029789191278314,0.4281484104865869,-0.7251380833189117,0.8514900878908551,0.03648278611569602,4.61192337726007
-0.061705426351302925,0.2502684397377164,0.6918705967418082,-0.708402479426916,-0.5879959279452043,-1.315530059833763,0.407348977516167,0.2665452926353486,-2.514847760211251,0.24616247192881335,1.108795441878545,0.1346828544473874,-1.4018117375260766,-1.3232435606965907,0.8127059803493991,2.465011763864682,1.076742389107404,0.543018301542227,-0.04191538636996827,0.8381197456060194,0.6989500683533659
1.2629706539766485,2.4934981790020037,-1.7168471495530657,-0.17780629406128037,0.10986779155364879,-0.3269907591150909,-0.05761748711519371,-1.0954677028031126,-0.023581020589830016,0.4309486563787294,1.5192769186257131,-0.9401251638262106,-1.5802583470806397,0.588630531079626,-0.30492925528534387,-0.3800258048494461,-1.3111720257719581,1.0079319054113065,0.558608963609415,0.4425927836144272,2.6006417423487598
-0.20262219970862083,0.7576133691666338,1.2788311094021445,-0.07368508276611596,-0.7207671797027005,-0.7509336018313612,-0.8551446457395339,-2.247109012828924,-0.05450584009651227,0.4829281092039228,0.9208700859416101,-2.3923752419154205,0.5709948758026603,-0.2271133778497159,-1.3742463049282914,-0.9787676750017403,0.20869877912407578,1.472777575476845,1.2364134922281182,0.1750683982578545,0.42670737945314174
0.5307367726505985,0.3418349683938987,0.1250935928369337,-0.29587697346801684,0.04135314657574468,0.2713208475136391,-1.0743559879587157,-0.5712399155238871,0.10873470217420914,-1.3872190168373901,0.9891456466980251,-1.5726010486958546,-0.7511350136083333,-0.4131343710831088,0.22966613438873396,-1.1352200982527016,0.37008410304550804,-1.3868356009478404,0.9547737762264769,1.5460670125995246,0.25536667721165673
-1.4367873197582897,-1.5268781902564603,-0.7989613656872662,0.6426915700208583,0.10758354024429699,0.6566467780661834,1.9228771273316727,0.6133124597262509,-1.6240455038136852,0.7004707482631483,1.2714995565371559,-0.36618687690365725,0.3454046188922636,-1.4225646419055933,1.0154088695084966,-1.0254428542911946,0.6975963404632611,1.7393547420585602,0.945046004682217,-1.2917112311000611,-2.519423122475647
0.219168688298837,0.9964459869981238,-1.3056857640807273,0.449184425755398,0.13265975330928206,0.18135609753599743,-0.5389983233638199,1.1461766653906151,-0.43537123067522454,-1.0311981365573377,-1.1556820242225234,1.1463160518720599,2.6152499834298006,0.23443872551370412,1.1568904842080752,-0.4374394527465653,-0.8722371714236321,0.27321735482852993,0.3130875195515528,-0.6827588778569968,-0.38105397443215
-1.1073102360193314,0.4991935939827305,0.855038996395752,0.354727059829089,1.3126338559121087,-0.2324916606383038,0.7828307447320617,-0.9035714545709851,-0.5303108897392547,0.8794170744990518,-0.14287285881781844,-0.21308067649814108,-1.2811886884204307,0.37894208393272044,0.6818152484915883,-0.33283878960558816,1.0573105518470158,-0.31254577831720637,0.8691737015524218,0.6371084682816563,-3.6340487575173257
0.705433022461758,-0.8378198641719418,0.020628647834548364,-0.8170285502152417,0.12733719485399775,1.2009557767302896,2.2899388629935578,0.5376921815039323,1.948497089064037,0.43115184473168155,1.470946743109881,0.2311424030571432,-1.0990564325948537,0.8623132825772889,-0.45084291857495157,-0.15687221060470954,0.36858042198923063,0.5126074260799315,-1.8767091098770972,1.4415883055179695,1.3882946571058719
-0.850005883928866,1.092128500865502,0.6474598425224322,-1.3289581997609163,-0.06717475354576545,-0.20751233886206646,-0.3067664098006478,0.718360931200113,-0.5535084509484098,-0.7261583911334948,-0.4691088731595187,-1.924495203792938,1.9856492376596877,2.352614912329653,-0.7290057390723003,-0.28577065463875845,-1.3058801073023165,-1.6421301909627517,-0.5840457584035794,0.19470671753027538,-1.9366520090519173
1.376920544559507,0.28212088187786344,0.859235510686379,-0.33254859963729416,-0.69978357031192,0.8157604743615389,-1.1593541647984078,0.4398726655741436,0.24584383104076732,-0.681219030687994,1.6194268587855376,-0.9290286467845442,1.4344395514850732,-1.2348422297105424,-1.5053259186611139,-0.5774546971678078,-0.8475702403614255,-1.223836350455467,1.6294367967494578,0.6346964000449786,3.6407086195500025
0.09594194920175525,-0.9168563971093878,-0.19161503586363002,0.28609864866115814,0.08735434928203652,-1.0120263765512014,-0.4282792183392389,0.36897964270617556,0.36280464623346,-0.8377532883951742,-0.8919242030688661,-0.666635088845573,-0.5547435019504571,-1.155063277027717,0.0672953431976305,0.7240976270297788,1.2756158099747767,1.9312202661443276,-0.23136650102001907,-0.2599311466302463,-0.08734150006128188
1.0359410187442464,-0.8535458301930569,0.43076504607963817,0.08303054767512275,-1.8768826278386825,0.9004118532566396,0.2295571571808214,0.5236741249260657,-0.5431369171144348,-0.0527928567984497,-0.576725695372885,0.4684747361418625,0.7088373833638953,-2.540732933218685,0.33708792181821484,0.13050786057899763,0.36992763246589866,-2.3512103107066427,-1.5558322432432958,-0.38885433208085673,5.215210753354401
0.015770818836437196,0.11171786634659192,0.17817559389651516,-0.04827689354874953,-0.36451672588713285,-1.6067343729464463,-0.81985056409573,-0.7319131484201131,-1.1401710962762952,-0.35442707183619804,0.018596363747685033,-0.6668314569922065,-0.7525359741073004,-0.4039785740481114,-1.417832135351156,0.7170577827654376,-2.5018895779157226,-0.8401043694656941,-1.3303161279520583,-0.07171725545833908,0.6350215183453788
-0.5632786680400707,-2.3863838968614,-1.5347992882456787,1.259937503391329,0.708275392204596,-0.20077841523651666,-1.8434324359376224,0.7087303971131285,0.20362731566889164,-0.6987828171106615,-0.12276773170209936,-0.9762597677919447,0.8616276300533621,-1.3126640826654805,-0.44302223553016873,0.3665716298318134,2.368138515610383,0.4408542977972859,0.47688239316013875,0.011107505699035434,-2.5689082180621248
-0.3048566355310442,1.1774223874547587,-0.3795610984705484,0.4528209384774373,1.210655679583333,0.04074021752129834,-0.5720539813945827,1.5059472449380886,-0.3436536033871499,2.305782725068377,-2.3051502954696805,0.6948243487502352,0.2154187711336622,-2.296028646587792,0.3931580593890656,2.358689724667554,-0.3680482163769546,-0.9171733489832943,-0.35324359250537135,-0.40828046708512283,-0.9480636590233611
-0.9338309588003628,1.5650559785995797,0.5074358562065692,-0.5932332618498606,-0.12485480643376701,-0.25872061826540105,-1.2448373897068215,-0.19000986734060168,0.10016924339349498,-0.2522868978543439,0.45387283711823084,1.3190590220384664,0.568820464224187,2.1688045834081633,-0.9343372138917225,-0.9816933221125161,-0.339162292849507,-0.728702924405833,-0.37548108347394205,-0.37802036229119734,-2.1834445643065834
-0.8065251613881986,0.6687026576656543,-0.12177696869744375,1.3073443751038656,-0.5010815615323304,-1.3546474278553018,-0.819916281836366,1.3300052535313516,0.9390578529297198,0.3078361995045798,-0.06585728907328786,0.9739425077657803,1.371562006999394,0.12120989791753749,0.3237974503020096,-0.16977771520037033,0.5846412178078906,-0.4747547745841759,0.28170201024392316,0.7318927955789928,-0.5073662259904568
1.6922237767721526,-0.5956454326110565,-0.9842417150284613,-0.5617376623267564,0.5981522174415431,1.0164286138468581,1.3780958007166229,-0.33401511831582853,0.9143150353616252,-2.0061208110011126,-0.8999790122938711,-0.7510936840896837,-0.6748439349714744,0.10337228014699536,-1.3318808317581734,-1.341365357203195,-0.37632025212605824,-0.016384612805756846,-1.4686441921525988,-0.12093711256109241,1.2715834170461575
1.3233735122281807,-0.7416369846371365,0.2593855328203948,-1.6646737642438314,-1.3008434963112385,0.14546250891025989,1.0403771547025122,0.005029663678034873,1.835120443702024,-1.9725369951352043,0.7212418001679431,1.9555214922504613,0.10952230968635533,1.0831470502942964,1.0726213126687458,-0.34073562710359373,-0.23193262795414252,0.39390972663395035,1.555365302238231,-2.198644283156348,3.262952849650107
0.15977114426579617,-0.7295653833208086,-1.3140205749772662,1.3397225765788885,-0.26095620129221536,-1.2371310552970838,0.6743951820989669,0.11015653231425465,-1.0196701829505144,-0.7553577124316775,1.0114954610121072,0.9408938894604022,0.6265405391540039,0.5586676500226605,0.1921680276838077,2.5496241015193877,1.9631720573076579,1.5218387650579974,-0.40814858138509424,0.8059413684954664,0.20122651160474178
-1.0372679065300041,-0.4817556542503031,1.3625562327996488,0.3866395505780365,1.3011927025122698,0.34591788248797045,-0.4047878634146339,0.3971357099649952,0.31386039680836525,1.8940439254549841,0.3134870845287243,-1.3841947720505037,0.6670475481380262,1.0467025003321682,-0.40739320956392755,-0.0885174589029861,0.7341739868518683,-0.394909205987624,-0.23143937668048836,-1.1172843850372416,-3.054336223514547
0.5214669423446164,-0.3906504406257599,0.5378940031614587,-0.9221576133428758,2.2372422832112853,2.0615195219271825,0.7307185795529805,1.3129984015398382,-0.6740520494957173,-0.8456018301924925,0.9577402686127966,1.8471840101148322,0.2280433594463806,-1.2352816800508746,1.5702010519592673,0.5804699568467087,-1.7370408159994368,1.521059940504668,1.0271518884983981,-0.09505514102507544,-2.9586082189145686
1.4134489394599474,-0.8060754992449932,-0.43411780828047325,1.4954591952996887,0.5320558834274093,1.0472700575382132,0.6529587091105102,-0.6355535095216972,1.7777052557739195,0.260162594045281,-0.3215569019974207,0.4217797492309699,1.2299867958493795,-0.11804418050015981,-0.7004122068221185,0.38422572377971004,0.4398307275767218,1.1522929947077942,0.046751171838503906,-0.19235191733417858,2.162299566927589
-0.26697261466963074,2.4994109311100323,-0.25621893445890737,-0.6865339229333317,-0.7751467141493714,-1.1266686521371125,-1.4392421428594244,-0.02770424106178081,-0.355468804325931,-1.1626085597759492,-0.5038275350571338,-0.25563051815197285,-0.6528684383940911,2.0279936119533466,0.045318652879098247,0.3665700957735302,0.4781811262306232,-0.07958146780945011,1.0011655927382024,-0.04770039835409975,0.17622739230856532
0.3910604460871539,0.3112392209762975,-1.0635395830875969,-0.24320966271673425,-0.48415649481068956,-0.20413246980255337,0.36696295584101996,-0.4731534989381353,0.6035650727718285,0.8489690955218732,1.0784088387657371,-0.05226992833816938,-0.43647592084886233,0.3126725963379667,1.8484630195063354,0.40525847583982433,-0.6566339460285726,0.362226418731494,-0.8700263976377338,0.774954554880424,1.8543372420981952
-1.323644118863516,0.6175691496595357,-0.5373318131640998,0.2631771548833099,0.061546070974199604,0.30488930782266915,1.186219807178643,0.41357162467088865,1.59687837218806,1.4021483973738242,0.4939136864084194,0.31820863719605696,1.292948425635063,-1.772588490363998,1.456190975527053,0.6037386979667432,0.2492554820101745,-0.5250107265206106,-1.0483616108390423,-0.757291027293866,-1.6819100837994665
0.6323024656601758,-1.1362062661232186,0.7459769447642696,-1.6546867326222863,0.12147140819372547,0.2622539694462633,-1.7627403361546001,0.018397263906817115,0.509866649195444,0.15121940420359123,-0.23882616380791719,-0.43295286367768615,-0.6547393704482749,-0.6729421482838535,1.4451928125672064,-1.243361806469805,-0.5447503865230803,-1.3990195662127511,1.0024338987698895,-0.3211768399423942,1.2243285947187412
0.23696307701411978,-1.4083249006311171,-0.3339749967737169,-1.796857474492076,-1.091781616557188,-0.009136436848151798,-1.4684160500720178,-0.5201197505656449,-0.528014314343883,-1.7899495731700823,-0.012083055081540376,1.275667853564192,-1.1555267776357325,1.4168091189630385,-0.8024049672428052,0.5008700303912108,-1.997311990965847,-1.2480616313350705,1.0298085784558424,0.5706226095527664,1.2918335765943731
0.4726875077737716,-0.8235807963873848,1.3463205095959478,-2.2576639099085725,-0.6312747419379534,-1.411479085732781,1.311391489697542,0.9200474112208623,-0.8591484767041339,-1.3643203033628288,-0.9425090045295275,0.5078206144583481,0.1850708785707662,0.6188256228457006,-2.0548932610477904,-0.9620480426951458,0.6101431796278157,-0.2057284457358684,1.9492736892760394,1.1950311445910697,0.9301180101871163
0.2187231958512534,-1.7057567486110026,0.2253040191547752,-1.0417841399237544,-0.8492086350228574,0.6694686873098492,-0.653091630967365,-0.12358279259281689,-0.19278366290161034,-0.5500459877302938,0.5266471971234464,-0.13775469913828664,-0.20749105939637155,-1.4245340915649607,1.5879775883922254,-0.3634505689238514,0.4061339003047801,1.5157248964266468,-1.7146441763683868,-0.8614891095782596,1.3996855448747014
-0.5862300480387309,-0.2368926605505141,0.19819431413438338,0.04170582601499768,1.39379868813335,1.261336985716263,-0.6180854493929758,-0.9406473909960298,0.7184521150259449,0.5278682042892099,1.471841006402817,-1.747449096878376,1.1470272611414676,0.8111922631897384,0.6439417975989681,0.47788754247236176,-1.474972583877023,0.9187529790401558,-1.2903098985754218,0.6638962623549176,-2.8881822663170458
-0.5731626212609126,0.0021258147760763154,-1.5161838995490742,-0.17466925758766544,-1.0172238615392848,-2.207506719444209,-0.1104338977107695,-1.0755477794880537,0.6788542124333837,0.03536201843330004,-0.5920523860884538,0.1840838664618341,0.8255595165818208,0.45326387542428354,0.24004022259794197,-0.21039322238941907,-0.3395922068635834,1.2490998548847132,0.518029782606514,0.15184051637747004,0.49026069539373884
-0.668472926816778,-1.7466432790129,-0.780569876814388,-1.0343268670202224,-0.2073105794592086,-0.5245414820237758,-1.4279136296872466,1.1700630929388371,-0.0870684444766888,-0.6391662104684702,-0.6022318471850627,-1.0085798603561424,-1.338321213689953,0.9510940147432161,-1.131552308889946,-1.0170229887714255,-1.0690036890021386,-0.7579535727526041,0.08127177332257056,3.8685086237186246,-1.5743158941517508
0.3718134202926053,-1.5822834332102915,-0.4417747228227749,-1.2985651584666027,0.08240670183130906,-0.5216419275602495,0.49173649265002445,-1.3778493979368522,0.4915271054139946,-0.9828087289033053,-0.8688692540375534,-1.1672700276084282,0.010752676763707244,-0.0029998658205353107,0.8602511726111973,-0.945254420009843,0.3529391812466934,0.30460569543416505,1.320857985780698,0.323525320116906,-0.1259265186204444
-0.6229126158427161,1.0119515799990144,-0.12064628975005295,0.36415739368671846,-1.0479810495299202,-0.5830920154952961,0.7723300043893263,-0.5802550247549239,-0.47542101257299046,-0.37529325296317895,-1.5467731356210772,1.9315753285213884,1.659684585434936,0.4954488056048999,0.024646904588822276,1.1920084421161772,-0.3076195277799691,0.5499789805224341,-0.7238740404927064,0.8572031708597118,-0.22759930740174822
1.474934054336001,0.8173064879346196,0.7885793146747466,1.889086794092592,0.5899614308483125,-0.7631815006549281,0.6135052946373679,0.8915802739204133,0.9985745571666736,-0.17758361453471494,-0.4615862923091962,1.0401103370258633,-0.4647363452335203,0.27756532116710886,0.8179216304778179,-0.04505755963207468,0.457134551918968,0.5467209082549259,-0.0036288433453296478,-2.2313470732935676,1.5276752311248538
0.6091465324484091,0.44519909982843836,-0.9277537794680843,-0.5992178661538784,0.7716504829872783,-0.17569737742391497,-0.9684187554519309,-0.19213408029996445,0.4444722276550293,-0.26149268666953634,-2.7101183413431484,1.9759679088545365,0.44474070760856355,0.2665520073418382,-0.5063682078183305,0.5972859910294268,0.17677846159736388,-1.3117544458154304,2.2777498448647626,0.6235632571215682,-0.5177579580085344
0.7286237690002138,0.872281382468254,0.17684979738141302,-0.13327284375156528,2.0606960245948986,0.6264005941411497,-0.3366175245511578,1.1479253143847825,-0.5726049070727058,0.505382345580021,0.2912418118034261,-1.2764111071683466,-0.37138015117610806,-0.06324029284488528,0.8904899153437529,0.7826023042592246,-0.7312061111392201,0.17292945671121437,0.14381135530305147,0.5266186972526521,-1.1694284006079598
0.7792913202005339,0.34556711862968287,-2.7350109994476877,-0.08403940629642648,-0.7225020742239001,1.143101357017528,-0.7408402649936748,0.8717452035490846,1.026434811352483,0.37437921233068644,0.05065877528684852,-0.08323450493024605,-0.26784395226426017,-0.9784075531007274,-1.9847416115750578,1.6135849417922037,-0.5799042357165113,0.5985609718180109,1.0472457041417234,0.5441457011116438,2.8716621102015227
1.7616859070535,0.13104736614095702,0.36533614748264565,0.8942298223283798,0.6069065715316123,1.762546004284049,0.23445182160281172,-0.01839960706828979,-0.9980221432468862,0.25878741024214896,0.0716043879255011,0.26185031827982463,-0.9778001899771006,-0.4903857076010091,-0.4495443163753352,-2.392633870578445,-0.2842348236219091,0.979881039279434,-0.21468795605810667,-0.40999772946780244,3.0576235580249223
-0.05452698954777014,0.7361474900720417,-1.3203509237627902,0.2546407500676886,-1.1092829437063187,0.9942108198914366,-0.8498111271333975,1.9766325674321459,1.2982384057471912,-0.9753105542903819,-1.3895381344872562,0.6614710501428104,-0.7954835019185316,-0.8628258499794439,0.5420972713626576,-1.1600976420008167,0.5574405858767382,0.476535026430714,-2.7933935213715673,0.48743678713308947,1.163181301445703
1.4527052274078476,-0.2329621220743985,-0.04848942773484076,0.13025724349979778,1.19359106183789,0.1077318847873861,0.5079374238418923,-0.7057790674475769,-0.43468543586871167,-0.9972023235584947,0.35957410326818934,-1.8079560688079537,-2.1250612445435038,-0.48933867858006524,0.7247413459571518,0.060565216419586516,-0.8230150675425971,-0.341426444330505,-0.029364167030104305,-1.5819738979692684,0.7265603724997001
-0.48101762691431194,-1.4450723146118996,-1.0824206137409804,-0.05684000380302137,-0.22643391285729278,0.2546483261200651,-1.2958215940718123,0.07419650835507656,0.3834688195739942,0.2476322281860184,1.111637003361686,-0.1522657842820793,-0.9561332022032693,0.30807773898325486,-0.8346883723743243,0.10891873004366673,0.642893306739247,1.1880176144302912,0.4517233863048534,0.014892903985365583,-0.5273186825576641
-0.4259063313462575,-0.04580775178859985,-0.03553375465300487,0.7939152702711246,0.7148126536830185,1.0186355595705419,0.8727917396403685,-0.5099376374124555,0.6278094827990202,-1.365063172036258,-1.4783277893521434,0.7894944588448761,0.9510400550864675,0.4969103714019275,1.9162966301645197,0.2690391122309856,-1.2282589205723795,-1.1159620562136559,0.4513616078465828,-0.17097718158443168,-2.697090777347148
2.0980573640747906,-0.42875204591746574,2.0148126108103503,0.8080535052524283,0.3088508656449075,0.06438257088683771,-0.6980622559853986,0.3735406956697473,-0.2408825414137621,-0.2666658808839782,0.44110039281211316,1.7892736807952356,-1.544635264250036,-0.08291873349029173,-0.06830175485044904,-0.5822387564922694,-0.4723642056810008,1.6201449998011233,0.10283077298758238,0.0691230568553671,3.6193151849641456
-0.19261502570432648,-1.4400339583814101,-0.3460701028759085,0.7281336570288954,0.7435176622328914,-0.7751839132600805,-1.1715363438804627,-0.7459467068540114,-0.5862960713925436,0.4051429602908208,1.908546723671056,-2.7517989318144815,-0.04172026274896364,-0.7586301077685659,-1.2055678366469547,-0.6159063707809573,-0.8263562281288469,0.22170809316388948,-0.34004836540146,-1.7536894792730178,-1.6337970825736396
1.9016846488864196,0.19845098676639195,-0.15610022772641563,0.11626569330378994,-0.08421749863235252,-2.5005220111268693,1.6175187969618858,0.5448465413498823,-1.4996315602648946,0.07706168783134403,-0.1942774212223115,0.07108485972487592,-1.2915131647712506,0.8162982304182783,-0.18428442921923505,0.032774079746045424,-0.4218623915003702,1.3875257322549617,1.239272103907147,0.1366964221716379,3.8054924729597133
-1.1253806670462263,-0.15221629240726006,0.9093642303923704,0.18642691563653904,-0.46754976045085306,0.08565708964750776,-0.28413901124072766,0.14749964002786736,-0.8279003419100193,0.5285431821945703,0.655756345219485,-0.05864765973564158,-0.11268251459065376,1.3215241720591175,-2.4196253029555463,-0.9559546566537389,0.04810916450375676,-0.4752169702030781,-0.41287516709697286,-0.25185585880657957,-1.1673853962711207
0.524607527774977,1.146040553297547,0.6925264151117507,1.785965312377069,-0.5209573841551614,0.09073856536983002,1.393384684181416,0.9272656858061833,-1.3184077399738428,-0.7911990387260277,-0.7352304733853996,-0.29489797765355497,-0.5533797540581489,-0.2977554414011212,0.9730893203475813,-1.058314791275824,-0.08954761695772982,-2.1755241163239702,-0.1548450726294248,-1.0347048194346515,1.7535145375240846
-1.776249003464146,-1.524544995548314,-0.1379561011626854,-0.8613338938378573,0.675164620342449,-1.18486405809037,1.0314598053416955,-0.5907946804519404,0.5976645221636464,-1.3996482321197021,-0.4818463915624453,1.8237296774654694,1.8507633369813317,0.43372412941309735,1.8921202110302915,0.6277153822302887,1.538410585923902,-0.38535688659991346,-0.39206545003117904,0.5158728079372004,-5.233543883880644
0.23051241222696975,-1.3728679751815926,-1.1590202269672045,-0.33859030807141816,1.2090375409891245,0.7614548368725172,0.42809802263029784,-0.7899158495688289,0.6629958868092618,0.47392005380299684,1.679382610429533,-1.4649531971078262,1.6800632614616569,0.4917168288849077,0.6971018966160462,-0.6730973598921185,0.0268199939726657,0.5795856117916794,-0.8220383551467625,2.671619543490565,-1.0014400466489661
-0.25460593213658733,0.17167476173839957,-0.958662191970188,-0.12057093834216809,-1.343023087895381,-0.4973436165540092,0.9765908832693632,0.6548230370568783,1.0853417563059908,0.6554093926538211,2.351426518706754,1.6303811030380413,0.4361120358366498,0.6873299446001367,-0.6098887628397079,-1.0880725809008627,1.585325614684714,0.4721217735611579,-0.24669549660339105,0.8590926961073017,1.9278705823822295
-0.891452335452574,1.5491965537132781,0.6592443685969014,1.6580848915995394,-0.9416707192484578,-0.035287295168490336,-0.9891378404693152,0.11319225963512582,-1.0778103446260037,0.12872452249495922,0.11191105156999069,0.4055557015150909,-0.4172854749531652,0.2204922227973779,-1.4451335396475975,0.6161975852295353,0.13886414366616984,0.5577274766865116,0.4011384170566079,0.6861508919076861,-0.481513214991321
0.3468581697596833,-0.311584745843942,0.15306892061395413,0.7735464101340961,-0.22699722359441601,0.6496215929787543,-0.3976556391884059,0.9353636869644958,-0.44540080486924927,-0.16076244638542803,0.6368977685276341,1.7630351131052358,0.06423803199805095,1.1828131505626105,-0.5542156446138411,0.18455224381622462,-0.5207999537995619,0.5760870771620737,-0.5824525773958535,1.5720336214697017,0.8689394289001784
-1.7537942931749884,-1.3211599181435825,-1.0320734254371506,0.607523763427621,-1.0659617042077174,0.11935642879352137,1.5876028737344023,-0.8034622755250784,0.12432370932151623,-0.6920810778469436,0.22880974942171003,0.3389337099073703,-0.22869087237720387,0.07897555256014573,-0.4198545873146555,0.8100037981233594,-0.3324672457491485,0.36315116959286337,1.5650537819220005,0.18343377135489636,-1.8998743726674139
-1.4239185639764171,0.2539225360328314,-0.047915764954307404,2.0515211559247795,1.9913719770598313,2.1566230061823406,0.6078125383134143,-0.5549365751430192,-0.4832914973838003,0.629903933246657,-0.6051017906623234,-0.6777531485517194,0.7136787220434918,1.9019903888634182,1.2794791815151176,-0.849407302695283,-0.6186070253133743,1.2079217142341594,0.1031079771931597,0.17813730930720287,-5.545267225775756
1.0231167002180472,0.10356360836435535,1.016487359839918,0.46381068433582123,1.021013440349542,-0.28911896432089257,-0.6619841827604631,0.23905669913510566,-0.3380883045033006,-1.6894298289244927,0.698446810832752,0.33908043419633044,1.1098990481611852,-0.6835037005112494,0.9536088056978308,0.8349246314442461,0.30009461738882887,1.0063772550698549,-0.9943809887921222,-1.6767450675821418,-0.4095968144097713
0.2914401107849479,1.00460172423869,-0.8677718629178099,0.55508998842091,1.5941815855549228,-1.2780924443428667,-1.138163515940407,-1.409010395871858,2.2579912779443143,-0.04098457623013835,-0.9737149735039267,1.3395446586143944,0.7073468551677291,-0.46773449495273683,1.5892987787687107,0.032307335935525566,-2.2758628077374845,1.9255273526493715,0.17538047291441297,0.6897696002845783,-1.6503991677310927
0.6548753009785493,-1.0359476419276106,-0.4830806091309693,-0.4338271452525174,-0.26734820286248906,-0.13820604954069693,-0.7370203273214877,0.9226375139680223,-1.6211291508132784,-1.9772577054638945,-0.1720112745134359,-0.7875091727028466,-1.2535967836866522,0.6561417589408465,-0.07278067499257473,0.11027268352006332,-0.7972309698348772,0.4783712377493285,0.8463573513363036,0.4315132388996342,0.5870932715811443
0.8372809495943593,-0.4352654398884753,0.31060258405262553,2.1172761471940857,-1.2208508265558264,0.09177292153160328,0.840885923339713,-0.22618953374166645,-2.4416938200034752,-1.16779298265081,0.266280613547853,1.3355169285792186,-1.3111461941645937,0.006049434815794506,-0.020316994877487303,0.9566231897054385,0.555230112653078,-0.2502464103947978,1.5414395394025528,0.7436219065169583,2.845107965612986
-1.1969121404685248,-0.3819261556724376,0.4281614385101194,-2.6286649232147283,-0.8363518795664572,0.8510999146753779,-0.22161551195774823,-1.9719512028646569,0.8453054548167178,0.7951482272584162,-0.9986546931073503,0.350075823789639,0.3658863932914789,-0.9194267528437239,-0.37460410108686065,-0.39092056278368925,0.8909243966434247,-0.33279824161036686,-0.29263043118081666,1.6688376576080977,-0.9858887370308521
1.5653449975293032,-1.119567595109407,-1.6005409185944752,0.5598561799574316,-0.3688466163630745,-1.8640362443989995,0.3379211653764303,-0.6469327015195623,-0.17970515993389355,1.1579424814966233,-0.23717239523899347,0.4221461341475612,-2.374414115226759,2.0706749980312225,-1.537887992649495,-0.5015814059837669,0.5172182439118174,0.4596143573388792,-0.495523320607507,0.6111774260144626,4.463047576956017
0.2574229303740185,-0.3768642562331744,0.15225396612959843,-0.5647108181127539,-0.1632528377556196,-0.007902375351391587,2.0576698397419757,-0.5565798598457404,0.7723071810851508,0.39708508362786915,-0.13149278519797739,-0.055245214762237274,-1.4291421076895954,1.1588959308068036,-1.9241559094467886,-2.190976946551719,-0.18901851322877392,-1.18468355708735,-0.3329186436213612,-0.805616169382755,0.9753945489000961
-1.7540172345629512,1.7121804667170417,0.6249679937130951,-0.1607277070694149,-1.391647577853998,-0.46366976122562,0.3559953612302924,1.6597234684660513,0.46750188111586066,-0.2990063717347275,-2.0152671032585214,-1.4643400883409368,0.8697108979117913,-1.551821371636646,-1.5428212672395711,-1.9004271761974099,2.515952470129708,-0.9978596366664878,1.0241218293048795,-1.1448361585457765,-1.4353113024010578
0.9846662266489814,1.2423792630610455,0.05310824869615628,-1.0735101276586139,-0.7059558622671491,1.537814563734419,-0.15895872757800494,0.2843686214839862,2.1307271813668756,-1.3840465229409145,-0.13930321995785983,0.52549430620399,-1.2265999209776488,-1.142088865554854,0.7578025854523956,-0.6400359626078755,0.03684774234652161,1.871527406366394,-0.09221031231320521,-0.15973534788412524,2.295448262721354
